"","ID","Description","GeneRatio","BgRatio","RichFactor","FoldEnrichment","zScore","pvalue","p.adjust","qvalue","geneID","Count"
"GO:0050878","GO:0050878","regulation of body fluid levels","10/92","388/18805",0.0257731958762887,5.26809726580009,5.95645757554083,1.99467452274833e-05,0.0343482952817262,0.0311589157027212,"OAS2/SLC7A11/APLN/PLAT/CORO2B/PRRG4/VAMP8/EGFR/PLAU/SCNN1B",10
"GO:0070254","GO:0070254","mucus secretion","3/92","17/18805",0.176470588235294,36.0709718670077,10.1433009715265,7.33219028380125e-05,0.0447735772644404,0.040616167651097,"VAMP8/EGFR/SCNN1B",3
"GO:0007589","GO:0007589","body fluid secretion","5/92","95/18805",0.0526315789473684,10.7580091533181,6.68549327356572,0.000102855348213964,0.0447735772644404,0.040616167651097,"OAS2/APLN/VAMP8/EGFR/SCNN1B",5
"GO:0045071","GO:0045071","negative regulation of viral genome replication","4/92","50/18805",0.08,16.3521739130435,7.62155653725235,0.00010400366379661,0.0447735772644404,0.040616167651097,"OAS2/ISG15/IFITM1/APOBEC3C",4
